OBJECTID,COMMUNITY,CCA_TXT,CCA_NUM,ID,ID_1,GEO,TYPE,COUNTY,AREA,POP,JOBS,INCOME,HOUSEHOLDS,SF_HU,OCC_OWN,TREE_COV,IMP_SUR,GRC_MEM,RES_ELE_CO,NONRES_ELE,RES_NG_CO2,NONRES_NG_,ONROAD_CO2,ONROAD_COM,ONROAD_PAS,ONROAD_PUB,WASTE_CO2E,RES_ELE__1,NONRES_E_1,RES_NG_C_1,NONRES_NG1,ONROAD_C_1,WASTE_CO_1,EV_COUNT,EV_PERCENT,EV_STA_L2,EV_STA_DCF,EV_STA_TOT,WALKABILIY,TRAN_AVAIL,MODE_DRIVE,MODE_POOL,MODE_TRANS,MODE_WALK_,MODE_OTHER,RES_VMT,HH_VEHICLE,RES_ELE_KW,NONRES_E_2,RES_NG_BTU,NONRES_N_1,RES_ELE__2,NONRES_E_3,RES_NG_B_1,NONRES_N_2,RES_ELE__3,RES_NG_B_2,SOLAR_POT,SOLSMART,Acres,Square_met,Sq_mi,Sq_ft,ft,Shape__Area,Shape__Length
1,DOUGLAS,35,35,35,35,Douglas,Chicago Community Area,Cook,1053,20291,6709.00,31856,9878,0.12,0.17,0.22,0.68, NA,16607,87536,30062.00,39952.00,61966,16532,44168,1266.00,7459,0.82,4.31,1.48,1.97,3.05,0.37,22.00,0,4.00, -,4.00,1.00,1.00,0.42,0.06,0.36,0.13,0.03,7166.00,0.85,42688773,225008672,565978.00,752186.00,2104,11089,28.00,37.00,4322,57.00,37.00,NA,0,0,0,0,0,7704649.38671875,12698.3133444933
2,OAKLAND,36,36,36,36,Oakland,Chicago Community Area,Cook,372,6799,161.00,32844,3217,0.15,0.19,0.18,0.6, NA,6319,6595,10073.00,13387.00,8842,2122,6141,579.00,2499,0.93,0.97,1.48,1.97,1.3,0.37,4.00,0, -, -, -,1.00,1.00,0.55,0.07,0.3,0.06,0.02,8067.00,0.84,16241712,16953262,189645.00,252038.00,2389,2493,28.00,37.00,5049,59.00,9.00,NA,0,0,0,0,0,2831665.68359375,8005.42336296595
3,FULLER PARK,37,37,37,37,Fuller Park,Chicago Community Area,Cook,457,2567,1091.00,23148,1140,0.23,0.24,0.12,0.8, NA,1771,8473,3803.00,5054.00,18848,8318,10315,215.00,944,0.69,3.3,1.48,1.97,7.34,0.37,1.00,0, -, -, -,1.00,1.00,0.53,0.08,0.35,0.04,0,7902.00,0.98,4551442,21778855,71602.00,95158.00,1773,8484,28.00,37.00,3992,63.00,15.00,NA,0,0,0,0,0,3332881.02734375,10378.5949786603
4,GRAND BOULEVARD,38,38,38,38,Grand Boulevard,Chicago Community Area,Cook,1113,24589,2788.00,33503,11278,0.19,0.26,0.17,0.7, NA,22086,30187,36429.00,48415.00,43736,12792,29950,993.00,9039,0.9,1.23,1.48,1.97,1.78,0.37,20.00,0, -, -, -,1.00,1.00,0.55,0.07,0.32,0.04,0.03,9082.00,0.83,56772605,77594468,685863.00,911512.00,2309,3156,28.00,37.00,5034,61.00,29.00,NA,0,0,0,0,0,8115726.33984375,11537.8634920912
5,KENWOOD,39,39,39,39,Kenwood,Chicago Community Area,Cook,667,19116,1086.00,49114,10097,0.15,0.35,0.29,0.64, NA,17017,24173,28321.00,37638.00,28034,6136,21051,847.00,7027,0.89,1.26,1.48,1.97,1.47,0.37,20.00,0, -, -, -,1.00,1.00,0.52,0.05,0.34,0.08,0.02,8361.00,0.68,43740645,62135410,533204.00,708628.00,2288,3250,28.00,37.00,4332,53.00,27.00,NA,0,0,0,0,0,4864825.0703125,9538.748365572
6,LINCOLN SQUARE,4,4,4,4,Lincoln Square,Chicago Community Area,Cook,1638,40494,9541.00,81149,19143,0.17,0.39,0.29,0.62, NA,31704,37566,59993.00,79731.00,74098,22926,50085,1087.00,14885,0.78,0.93,1.48,1.97,1.83,0.37,48.00,0,1.00, -,1.00,1.00,1.00,0.47,0.05,0.39,0.08,0.01,9595.00,0.97,81493270,96561605,1129502.00,1501109.00,2012,2385,28.00,37.00,4257,59.00,68.00,NA,0,0,0,0,0,12002114.65625,15024.624322142
7,WASHINGTON PARK,40,40,40,40,Washington Park,Chicago Community Area,Cook,973,12707,1111.00,25423,5168,0.09,0.13,0.22,0.55, NA,9835,41888,18826.00,25019.00,18644,5036,12669,939.00,4671,0.77,3.3,1.48,1.97,1.47,0.37,8.00,0, -, -, -,1.00,1.00,0.48,0.06,0.41,0.04,0.01,6788.00,0.75,25280208,107671461,354437.00,471047.00,1989,8473,28.00,37.00,4892,69.00,22.00,NA,0,0,0,0,0,7087188.31640625,11525.5087107837
8,HYDE PARK,41,41,41,41,Hyde Park,Chicago Community Area,Cook,1032,29456,26071.00,55377,14818,0.13,0.36,0.28,0.62, NA,24436,66213,43640.00,57997.00,116232,16214,98958,1060.00,10828,0.83,2.25,1.48,1.97,3.95,0.37,30.00,0,6.00, -,6.00,1.00,1.00,0.27,0.04,0.3,0.39,0.01,7210.00,0.65,62813158,170198333,821618.00,1091931.00,2132,5778,28.00,37.00,4239,55.00,33.00,NA,0,0,0,0,0,7544398.671875,12160.6887225499
9,WOODLAWN,42,42,42,42,Woodlawn,Chicago Community Area,Cook,1325,24425,2540.00,25450,10517,0.13,0.22,0.23,0.58, NA,18029,100023,36186.00,48092.00,48738,8039,39462,1237.00,8978,0.74,4.1,1.48,1.97,2,0.37,12.00,0,2.00, -,2.00,1.00,1.00,0.45,0.07,0.33,0.13,0.02,8099.00,0.67,46343237,257106361,681288.00,905433.00,1897,10526,28.00,37.00,4407,65.00,34.00,NA,0,0,0,0,0,9665711.68359375,19182.1761170238
10,ROGERS PARK,1,1,1,1,Rogers Park,Chicago Community Area,Cook,1176,55628,10259.00,43177,26402,0.07,0.25,0.28,0.73, NA,40589,64733,82414.00,109529.00,76823,17408,58535,881.00,20448,0.73,1.16,1.48,1.97,1.38,0.37,46.00,0,5.00, -,5.00,1.00,1.00,0.39,0.06,0.43,0.1,0.01,7581.00,0.8,104332894,166394556,1551636.00,2062125.00,1876,2991,28.00,37.00,3952,59.00,78.00,NA,0,0,0,0,0,8631621.28125,13973.3110167096
11,JEFFERSON PARK,11,11,11,11,Jefferson Park,Chicago Community Area,Cook,1489,26216,6209.00,76694,10585,0.53,0.66,0.23,0.65, NA,25205,17509,38840.00,51618.00,56042,20993,34222,827.00,9637,0.96,0.67,1.48,1.97,2.14,0.37,33.00,0, -, -, -,1.00,1.00,0.67,0.09,0.21,0.02,0,13925.00,1.54,64789493,45005309,731245.00,971825.00,2471,1717,28.00,37.00,6121,69.00,70.00,NA,0,0,0,0,0,10912849,18053.1426010317
12,FOREST GLEN,12,12,12,12,Forest Glen,Chicago Community Area,Cook,2046,19596,4093.00,123856,7021,0.9,0.91,0.45,0.42, NA,21264,16046,29032.00,38584.00,34973,11930,22598,445.00,7203,1.09,0.82,1.48,1.97,1.78,0.37,36.00,0, -, -, -,1.00,1.00,0.72,0.09,0.16,0.02,0.01,16460.00,1.78,54657935,41244718,546593.00,726422.00,2789,2105,28.00,37.00,7785,78.00,49.00,NA,0,0,0,0,0,15001624.1992188,30564.2779496444
13,NORTH PARK,13,13,13,13,North Park,Chicago Community Area,Cook,1614,17559,7071.00,56287,6658,0.32,0.49,0.34,0.5, NA,14125,13689,26014.00,34573.00,52590,13516,38316,758.00,6454,0.8,0.78,1.48,1.97,3,0.37,16.00,0, -, -, -,1.00,1.00,0.63,0.12,0.17,0.07,0.01,12545.00,1.36,36306737,35187948,489774.00,650911.00,2068,2004,28.00,37.00,5453,74.00,66.00,NA,0,0,0,0,0,11826414.5429688,17056.173227303
14,ALBANY PARK,14,14,14,14,Albany Park,Chicago Community Area,Cook,1229,48396,5389.00,61759,17161,0.2,0.4,0.25,0.73, NA,39220,40192,71700.00,95289.00,65941,15835,49340,766.00,17790,0.81,0.83,1.48,1.97,1.36,0.37,58.00,0, -, -, -,1.00,1.00,0.52,0.09,0.32,0.06,0.01,11784.00,1.42,100815014,103311922,1349913.00,1794035.00,2083,2135,28.00,37.00,5875,79.00,67.00,NA,0,0,0,0,0,9004364.7734375,16122.3512889144
15,PORTAGE PARK,15,15,15,15,Portage Park,Chicago Community Area,Cook,2530,63020,7700.00,70559,23436,0.46,0.61,0.2,0.71, NA,54777,39594,93366.00,124083.00,119338,28031,89629,1678.00,23165,0.87,0.63,1.48,1.97,1.89,0.37,55.00,0, -, -, -,1.00,1.00,0.68,0.1,0.19,0.03,0.01,14621.00,1.61,140801820,101775090,1757821.00,2336146.00,2234,1615,28.00,37.00,6008,75.00,127.00,NA,0,0,0,0,0,18524073.1992188,19070.9033640899
16,IRVING PARK,16,16,16,16,Irving Park,Chicago Community Area,Cook,2057,51940,10716.00,66878,21342,0.3,0.49,0.26,0.7, NA,47201,42924,76950.00,102267.00,103456,38588,63649,1219.00,19092,0.91,0.83,1.48,1.97,1.99,0.37,80.00,0,1.00, -,1.00,1.00,1.00,0.56,0.08,0.29,0.05,0.01,12749.00,1.3,121329825,110333743,1448766.00,1925411.00,2336,2124,28.00,37.00,5685,68.00,88.00,NA,0,0,0,0,0,15063433.015625,20117.0174229393
17,DUNNING,17,17,17,17,Dunning,Chicago Community Area,Cook,2378,43147,5394.00,72272,15746,0.67,0.77,0.19,0.63, NA,38586,22252,63923.00,84954.00,90979,19816,70039,1123.00,15860,0.89,0.52,1.48,1.97,2.11,0.37,27.00,0, -, -, -,1.00,1.00,0.78,0.09,0.09,0.02,0.03,14750.00,1.74,99185098,57198510,1203502.00,1599455.00,2299,1326,28.00,37.00,6299,76.00,99.00,NA,0,0,0,0,0,17410483,22358.9079307727
18,MONTCLARE,18,18,18,18,Montclare,Chicago Community Area,Cook,633,14401,2104.00,53285,5010,0.6,0.66,0.19,0.69, NA,8712,8444,21335.00,28355.00,26456,9836,16294,325.00,5294,0.6,0.59,1.48,1.97,1.84,0.37,10.00,0, -, -, -,1.00,1.00,0.76,0.09,0.11,0.02,0.02,14282.00,1.89,22395012,21704502,401688.00,533844.00,1555,1507,28.00,37.00,4470,80.00,31.00,NA,0,0,0,0,0,4632081.46875,9186.34489923715
19,BELMONT CRAGIN,19,19,19,19,Belmont Cragin,Chicago Community Area,Cook,2505,78116,7717.00,51689,23450,0.4,0.51,0.15,0.75, NA,56720,68299,115731.00,153806.00,140580,33715,105066,1799.00,28714,0.73,0.87,1.48,1.97,1.8,0.37,31.00,0, -, -, -,1.00,1.00,0.67,0.12,0.15,0.03,0.02,13727.00,1.87,145797666,175560906,2178895.00,2895753.00,1866,2247,28.00,37.00,6217,93.00,139.00,NA,0,0,0,0,0,18324449.9492188,17743.3801893502
20,WEST RIDGE,2,2,2,2,West Ridge,Chicago Community Area,Cook,2260,77122,10101.00,53877,26493,0.25,0.48,0.27,0.64, NA,59602,42878,114258.00,151849.00,91871,19928,70895,1048.00,28349,0.77,0.56,1.48,1.97,1.19,0.37,52.00,0, -, -, -,1.00,1.00,0.62,0.1,0.19,0.07,0.02,12111.00,1.43,153206433,110217770,2151169.00,2858906.00,1987,1429,28.00,37.00,5783,81.00,112.00,NA,0,0,0,0,0,16570340.0195312,17657.9666517202
21,HERMOSA,20,20,20,20,Hermosa,Chicago Community Area,Cook,748,24062,3916.00,46915,7544,0.29,0.47,0.17,0.76, NA,16954,22970,35648.00,47377.00,35150,12243,22562,345.00,8845,0.7,0.95,1.48,1.97,1.46,0.37,9.00,0, -, -, -,1.00,1.00,0.63,0.11,0.21,0.04,0.01,13085.00,1.73,43578610,59044236,671163.00,891976.00,1811,2454,28.00,37.00,5777,89.00,43.00,NA,0,0,0,0,0,5475345.96875,11144.9035963639
22,AVONDALE,21,21,21,21,Avondale,Chicago Community Area,Cook,1269,36257,8699.00,66130,14578,0.2,0.41,0.17,0.8, NA,34117,32759,53716.00,71388.00,100614,41346,57997,1272.00,13327,0.94,0.9,1.48,1.97,2.78,0.37,67.00,0,1.00,1.00,2.00,1.00,1.00,0.51,0.09,0.32,0.06,0.02,12853.00,1.26,87696919,84206453,1011319.00,1344044.00,2419,2322,28.00,37.00,6016,69.00,76.00,NA,0,0,0,0,0,9289860.8203125,14033.037826046
23,LOGAN SQUARE,22,22,22,22,Logan Square,Chicago Community Area,Cook,2297,71665,16931.00,82908,32097,0.17,0.37,0.2,0.79, NA,68741,71026,106174.00,141105.00,135664,37892,96022,1751.00,26343,0.96,0.99,1.48,1.97,1.89,0.37,142.00,0, -, -, -,1.00,1.00,0.46,0.05,0.38,0.08,0.02,9717.00,0.99,176698035,182570114,1998957.00,2656615.00,2466,2548,28.00,37.00,5505,62.00,113.00,NA,0,0,0,0,0,16803191.1953125,20152.8583454781
24,HUMBOLDT PARK,23,23,23,23,Humboldt Park,Chicago Community Area,Cook,2307,54165,9046.00,39492,19072,0.23,0.38,0.17,0.78, NA,43115,46096,80247.00,106648.00,100905,40643,58493,1770.00,19910,0.8,0.85,1.48,1.97,1.86,0.37,28.00,0,1.00, -,1.00,1.00,1.00,0.57,0.13,0.24,0.05,0.02,10413.00,1.28,110826262,118488219,1510828.00,2007892.00,2046,2188,28.00,37.00,5811,79.00,128.00,NA,0,0,0,0,0,16862454.7460938,19894.1314099685
25,WEST TOWN,24,24,24,24,West Town,Chicago Community Area,Cook,2928,87781,39253.00,104639,42920,0.14,0.4,0.2,0.8, NA,94186,168454,130050.00,172836.00,199302,63387,133045,2870.00,32267,1.07,1.92,1.48,1.97,2.27,0.37,220.00,0, -, -, -,1.00,1.00,0.43,0.06,0.38,0.1,0.02,10260.00,0.85,242103777,433007031,2448482.00,3254034.00,2758,4933,28.00,37.00,5641,57.00,141.00,NA,0,0,0,0,0,21407844.7773438,22601.6679499114
26,AUSTIN,25,25,25,25,Austin,Chicago Community Area,Cook,4574,96557,13075.00,33515,35864,0.27,0.41,0.19,0.71, NA,69928,85561,143052.00,190116.00,174387,71332,100055,3000.00,35493,0.72,0.89,1.48,1.97,1.81,0.37,26.00,0,4.00, -,4.00,1.00,1.00,0.59,0.08,0.29,0.02,0.02,10202.00,1.19,179748807,219931877,2693271.00,3579359.00,1862,2278,28.00,37.00,5012,75.00,235.00,NA,0,0,0,0,0,33432433.359375,30819.2929681145
27,WEST GARFIELD PARK,26,26,26,26,West Garfield Park,Chicago Community Area,Cook,829,17433,1899.00,24169,6573,0.12,0.23,0.18,0.75, NA,13235,23668,25827.00,34325.00,32455,9121,22781,553.00,6408,0.76,1.36,1.48,1.97,1.86,0.37,2.00,0, -, -, -,1.00,1.00,0.54,0.07,0.35,0.02,0.02,8357.00,0.9,34019169,60837530,486260.00,646240.00,1951,3490,28.00,37.00,5176,74.00,32.00,NA,0,0,0,0,0,6052983.69140625,10748.4164260287
28,EAST GARFIELD PARK,27,27,27,27,East Garfield Park,Chicago Community Area,Cook,1237,19992,4771.00,24617,7828,0.13,0.22,0.18,0.69, NA,16830,63314,29619.00,39363.00,36077,11656,23458,963.00,7349,0.84,3.17,1.48,1.97,1.8,0.37,15.00,0, -, -, -,1.00,1.00,0.49,0.06,0.37,0.05,0.02,8466.00,0.92,43260148,162746754,557638.00,741102.00,2164,8141,28.00,37.00,5526,71.00,46.00,NA,0,0,0,0,0,9036577.52734375,12902.8170208961
29,NEAR WEST SIDE,28,28,28,28,Near West Side,Chicago Community Area,Cook,3638,67881,145906.00,91125,33918,0.12,0.36,0.14,0.85, NA,64951,768742,100567.00,133654.00,533627,157823,372025,3778.00,24952,0.96,11.32,1.48,1.97,7.86,0.37,195.00,0.01,20.00,17.00,37.00,1.00,1.00,0.35,0.04,0.26,0.32,0.03,8317.00,0.69,166955366,1976030345,1893409.00,2516343.00,2460,29110,28.00,37.00,4922,56.00,199.00,NA,0,0,0,0,0,26575951.9296875,21698.7814531784
30,NORTH LAWNDALE,29,29,29,29,North Lawndale,Chicago Community Area,Cook,2054,34794,8759.00,28327,12838,0.14,0.25,0.18,0.71, NA,22838,49391,51548.00,68508.00,72742,28210,43233,1299.00,12790,0.66,1.42,1.48,1.97,2.09,0.37,7.00,0, -, -, -,1.00,1.00,0.49,0.09,0.36,0.04,0.02,8639.00,1.06,58704590,126959119,970511.00,1289810.00,1687,3649,28.00,37.00,4573,76.00,80.00,NA,0,0,0,0,0,14998952.671875,18398.8459881505
31,UPTOWN,3,3,3,3,Uptown,Chicago Community Area,Cook,1487,57182,12034.00,55109,32215,0.06,0.32,0.24,0.63, NA,49636,67318,84717.00,112588.00,100639,21823,77387,1429.00,21019,0.87,1.18,1.48,1.97,1.76,0.37,76.00,0,2.00, -,2.00,1.00,1.00,0.33,0.05,0.51,0.1,0.02,6888.00,0.66,127587428,173037933,1594982.00,2119732.00,2231,3026,28.00,37.00,3960,50.00,66.00,NA,0,0,0,0,0,10946412.2148438,19258.2019854675
32,SOUTH LAWNDALE,30,30,30,30,South Lawndale,Chicago Community Area,Cook,2938,71399,10573.00,34705,20069,0.2,0.36,0.15,0.77, NA,45276,98302,105780.00,140581.00,246137,112626,132160,1350.00,26245,0.63,1.38,1.48,1.97,3.45,0.37,13.00,0, -, -, -,1.00,1.00,0.55,0.2,0.18,0.06,0,11382.00,1.41,116380867,252682811,1991537.00,2646754.00,1630,3539,28.00,37.00,5799,99.00,133.00,NA,0,0,0,0,0,21439686.640625,20421.4991888908
33,LOWER WEST SIDE,31,31,31,31,Lower West Side,Chicago Community Area,Cook,1872,33751,15394.00,52104,13730,0.15,0.31,0.1,0.87, NA,23513,112576,50003.00,66454.00,189748,118944,69303,1501.00,12406,0.7,3.34,1.48,1.97,5.62,0.37,24.00,0, -, -, -,0.98,1.00,0.4,0.11,0.34,0.12,0.03,10056.00,0.99,60440808,289373321,941419.00,1251147.00,1791,8574,28.00,37.00,4402,69.00,120.00,NA,0,0,0,0,0,13664329.15625,17687.0246951286
34,NEAR SOUTH SIDE,33,33,33,33,Near South Side,Chicago Community Area,Cook,1141,28795,13586.00,110120,15774,0.11,0.55,0.14,0.79, NA,27548,186751,42661.00,56696.00,154219,30795,121770,1655.00,10585,0.96,6.49,1.48,1.97,5.36,0.37,63.00,0.01,8.00, -,8.00,0.96,1.00,0.44,0.06,0.33,0.13,0.05,10028.00,0.64,70811929,480038009,803181.00,1067428.00,2459,16671,28.00,37.00,4489,51.00,17.00,NA,0,0,0,0,0,8340910.2109375,18449.1579984177
35,ARMOUR SQUARE,34,34,34,34,Armour Square,Chicago Community Area,Cook,637,13890,5052.00,31663,5648,0.18,0.34,0.12,0.84, NA,10861,73804,20578.00,27349.00,52306,12060,39853,393.00,5106,0.78,5.31,1.48,1.97,3.77,0.37,17.00,0,1.00, -,1.00,1.00,1.00,0.39,0.16,0.25,0.18,0.02,7679.00,1.03,27918671,189710199,387435.00,514901.00,2010,13658,28.00,37.00,4943,69.00,27.00,NA,0,0,0,0,0,4651180.37890625,13088.2843715957
36,NORWOOD PARK,10,10,10,10,Norwood Park,Chicago Community Area,Cook,2800,38303,11194.00,83985,15323,0.69,0.75,0.23,0.61, NA,39162,46338,56747.00,75417.00,79530,23433,55510,586.00,14080,1.02,1.21,1.48,1.97,2.08,0.37,41.00,0, -, -, -,1.00,1.00,0.81,0.08,0.09,0.02,0.01,14196.00,1.62,100664270,119109841,1068388.00,1419889.00,2628,3110,28.00,37.00,6569,70.00,86.00,NA,0,0,0,0,0,20521547.4375,32964.4017104644
37,NEAR NORTH SIDE,8,8,8,8,Near North Side,Chicago Community Area,Cook,1755,105481,183945.00,106026,66685,0.05,0.42,0.17,0.84, NA,154957,851321,156273.00,207687.00,639481,95089,541390,3002.00,38773,1.47,8.07,1.48,1.97,6.06,0.37,391.00,0.01,79.00,16.00,95.00,1.00,1.00,0.27,0.03,0.28,0.35,0.07,5747.00,0.46,398312371,2188296394,2942189.00,3910171.00,3776,20746,28.00,37.00,5973,44.00,125.00,NA,0,0,0,0,0,12867122.046875,23455.396982383
38,LOOP,32,32,32,32,The Loop,Chicago Community Area,Cook,1060,42298,438790.00,108676,24134,0.04,0.36,0.16,0.78, NA,53813,1033226,62666.00,83283.00,679090,66499,608832,3760.00,15548,1.27,24.43,1.48,1.97,16.05,0.37,198.00,0.01,62.00,10.00,72.00,1.00,1.00,0.24,0.02,0.26,0.44,0.04,6561.00,0.61,138325212,2655879108,1179821.00,1567983.00,3270,62790,28.00,37.00,5732,49.00, -,NA,0,0,0,0,0,7770632.12890625,16142.1644755508
39,SOUTH SHORE,43,43,43,43,South Shore,Chicago Community Area,Cook,1877,53971,2911.00,32093,25748,0.14,0.22,0.24,0.68, NA,48166,54099,79959.00,106266.00,69950,14718,53544,1688.00,19839,0.89,1,1.48,1.97,1.3,0.37,13.00,0, -, -, -,1.00,1.00,0.46,0.06,0.44,0.03,0.01,8713.00,0.73,123808952,139058891,1505417.00,2000700.00,2294,2577,28.00,37.00,4808,58.00,85.00,NA,0,0,0,0,0,13670293.3085938,18077.2714217938
40,CHATHAM,44,44,44,44,Chatham,Chicago Community Area,Cook,1890,31710,3959.00,34241,15053,0.35,0.39,0.21,0.68, NA,31583,31315,46979.00,62435.00,70586,19342,50007,1237.00,11656,1,0.99,1.48,1.97,2.23,0.37,8.00,0, -, -, -,1.00,1.00,0.58,0.07,0.31,0.02,0.01,9751.00,0.96,81183172,80493291,884489.00,1175487.00,2560,2538,28.00,37.00,5393,59.00,74.00,NA,0,0,0,0,0,13746229.7382812,17163.4609425747
41,AVALON PARK,45,45,45,45,Avalon Park,Chicago Community Area,Cook,800,9458,2766.00,44588,4145,0.65,0.64,0.22,0.66, NA,9023,9519,14012.00,18622.00,21932,6240,15130,561.00,3477,0.95,1.01,1.48,1.97,2.32,0.37,2.00,0, -, -, -,1.00,1.00,0.64,0.12,0.23,0,0.01,11996.00,1.09,23194330,24468818,263813.00,350607.00,2452,2587,28.00,37.00,5596,64.00,31.00,NA,0,0,0,0,0,5820522.83203125,11289.092609426
42,SOUTH CHICAGO,46,46,46,46,South Chicago,Chicago Community Area,Cook,2141,27300,2210.00,34856,11017,0.34,0.39,0.2,0.69, NA,24186,26956,40446.00,53752.00,47009,13902,31939,1168.00,10035,0.89,0.99,1.48,1.97,1.72,0.37,6.00,0, -, -, -,1.00,1.00,0.54,0.06,0.38,0.01,0,10709.00,1.27,62170103,69288718,761481.00,1012009.00,2277,2538,28.00,37.00,5643,69.00,39.00,NA,0,0,0,0,0,15575199.859375,21415.1908143913
43,BURNSIDE,47,47,47,47,Burnside,Chicago Community Area,Cook,390,2527,1855.00,29324,1036,0.54,0.49,0.24,0.68, NA,2507,2566,3744.00,4976.00,12598,6656,5728,214.00,929,0.99,1.02,1.48,1.97,4.99,0.37,1.00,0, -, -, -,1.00,1.00,0.63,0.16,0.21,0,0,12593.00,1.11,6445052,6596255,70486.00,93676.00,2550,2610,28.00,37.00,6221,68.00,17.00,NA,0,0,0,0,0,2836987.94140625,7412.07256938907
44,CALUMET HEIGHTS,48,48,48,48,Calumet Heights,Chicago Community Area,Cook,1121,13088,2101.00,49478,5518,0.75,0.71,0.21,0.66, NA,11830,13017,19390.00,25770.00,32278,7911,23748,619.00,4811,0.9,0.99,1.48,1.97,2.47,0.37,3.00,0, -, -, -,1.00,1.00,0.6,0.09,0.28,0.02,0.01,12906.00,1.2,30409053,33460932,365065.00,485171.00,2323,2557,28.00,37.00,5511,66.00,42.00,NA,0,0,0,0,0,8150455.1015625,13440.2107775402
45,ROSELAND,49,49,49,49,Roseland,Chicago Community Area,Cook,3083,38816,2723.00,40786,15080,0.66,0.53,0.23,0.62, NA,39735,81897,57507.00,76427.00,78534,15789,59987,2759.00,14268,1.02,2.11,1.48,1.97,2.02,0.37,6.00,0, -, -, -,1.00,1.00,0.57,0.09,0.3,0.02,0.01,13113.00,1.27,102137688,210513866,1082697.00,1438906.00,2631,5423,28.00,37.00,6773,72.00,69.00,NA,0,0,0,0,0,22404990.6953125,23146.2859157749
46,NORTH CENTER,5,5,5,5,North Center,Chicago Community Area,Cook,1310,35114,11304.00,125033,14931,0.33,0.59,0.25,0.74, NA,34400,36047,52022.00,69138.00,77973,19673,57188,1111.00,12907,0.98,1.03,1.48,1.97,2.22,0.37,72.00,0,2.00, -,2.00,1.00,1.00,0.49,0.06,0.36,0.08,0.02,11370.00,1.08,88424466,92656811,979437.00,1301673.00,2518,2639,28.00,37.00,5922,66.00,71.00,NA,0,0,0,0,0,9588842.625,12876.2715675871
47,PULLMAN,50,50,50,50,Pullman,Chicago Community Area,Cook,1354,6820,2561.00,43539,2995,0.72,0.44,0.2,0.67, NA,6995,16073,10104.00,13428.00,71186,46613,24171,401.00,2507,1.03,2.36,1.48,1.97,10.44,0.37,1.00,0, -, -, -,0.79,1.00,0.6,0.05,0.32,0.01,0.01,12261.00,1.14,17980594,41315413,190231.00,252817.00,2636,6058,28.00,37.00,6004,64.00,66.00,NA,0,0,0,0,0,9841901.21484375,14539.7367584261
48,SOUTH DEERING,51,51,51,51,South Deering,Chicago Community Area,Cook,6974,14105,7488.00,36315,5311,0.74,0.53,0.14,0.44, NA,12488,14188,20897.00,27772.00,191650,145279,44908,1463.00,5185,0.89,1.01,1.48,1.97,13.59,0.37,3.00,0, -, -, -,0.72,0.74,0.67,0.08,0.23,0.01,0.02,14809.00,1.38,32100733,36469525,393432.00,522871.00,2276,2586,28.00,37.00,6044,74.00,65.00,NA,0,0,0,0,0,50651037.7109375,32841.5565886774
49,EAST SIDE,52,52,52,52,East Side,Chicago Community Area,Cook,1908,21724,1566.00,48090,7004,0.64,0.67,0.16,0.65, NA,19243,21514,32185.00,42773.00,56774,25408,30998,368.00,7985,0.89,0.99,1.48,1.97,2.61,0.37,4.00,0, -, -, -,0.99,1.00,0.71,0.13,0.13,0.02,0.01,17742.00,1.61,49464481,55301020,605949.00,805307.00,2277,2546,28.00,37.00,7062,87.00,43.00,NA,0,0,0,0,0,13885622.5585938,21365.200152156
50,WEST PULLMAN,53,53,53,53,West Pullman,Chicago Community Area,Cook,2281,26104,945.00,42271,9650,0.74,0.64,0.27,0.59, NA,27178,51320,38674.00,51397.00,44936,9880,34115,941.00,9595,1.04,1.97,1.48,1.97,1.72,0.37,8.00,0, -, -, -,0.95,1.00,0.67,0.1,0.18,0.03,0.02,15257.00,1.43,69861489,131915435,728121.00,967673.00,2676,5053,28.00,37.00,7240,75.00,49.00,NA,0,0,0,0,0,16558493.234375,20415.7457727008
51,RIVERDALE,54,54,54,54,Riverdale,Chicago Community Area,Cook,2259,7262,705.00,15396,2523,0.76,0.07,0.24,0.48, NA,685,993,10759.00,14299.00,90137,61402,28215,521.00,2669,0.09,0.14,1.48,1.97,12.41,0.37,0.00,0, -, -, -,0.91,1.00,0.42,0.08,0.44,0.04,0.03,8003.00,1.63,1760956,2552379,202559.00,269202.00,242,351,28.00,37.00,698,80.00,25.00,NA,0,0,0,0,0,16388853.96875,18967.9874260733
52,HEGEWISCH,55,55,55,55,Hegewisch,Chicago Community Area,Cook,3351,10027,1663.00,57151,3677,0.73,0.73,0.19,0.36, NA,7268,68025,14855.00,19743.00,64378,43692,20340,345.00,3686,0.72,6.78,1.48,1.97,6.42,0.37,2.00,0, -, -, -,0.66,0.94,0.77,0.11,0.1,0.01,0.01,18224.00,1.53,18681763,174855962,279684.00,371700.00,1863,17439,28.00,37.00,5081,76.00,33.00,NA,0,0,0,0,0,24313633.1484375,30084.0135003506
53,GARFIELD RIDGE,56,56,56,56,Garfield Ridge,Chicago Community Area,Cook,2706,35439,14722.00,74962,12236,0.83,0.83,0.12,0.71, NA,31946,40885,52504.00,69778.00,185738,37283,147166,1289.00,13027,0.9,1.15,1.48,1.97,5.24,0.37,12.00,0,12.00, -,12.00,0.99,1.00,0.75,0.1,0.13,0.02,0,16656.00,1.73,82116896,105092556,988503.00,1313721.00,2317,2965,28.00,37.00,6711,81.00,106.00,NA,0,0,0,0,0,19720725.2734375,24566.9430490689
54,ARCHER HEIGHTS,57,57,57,57,Archer Heights,Chicago Community Area,Cook,1284,14196,9262.00,50458,4163,0.53,0.63,0.08,0.84, NA,8587,21857,21032.00,27951.00,79382,44125,34824,434.00,5218,0.6,1.54,1.48,1.97,5.59,0.37,2.00,0,2.00, -,2.00,0.92,1.00,0.67,0.09,0.18,0.05,0.01,13482.00,1.72,22071408,56181643,395970.00,526244.00,1555,3958,28.00,37.00,5302,95.00,110.00,NA,0,0,0,0,0,9358842.71484375,13047.5847672486
55,BRIGHTON PARK,58,58,58,58,Brighton Park,Chicago Community Area,Cook,1742,45053,5627.00,41650,13592,0.3,0.47,0.12,0.82, NA,27278,69944,66747.00,88707.00,155205,84903,68934,1368.00,16561,0.61,1.55,1.48,1.97,3.44,0.37,6.00,0, -, -, -,1.00,1.00,0.58,0.16,0.22,0.04,0.01,13024.00,1.67,70118534,179789585,1256666.00,1670111.00,1556,3991,28.00,37.00,5159,92.00,101.00,NA,0,0,0,0,0,12703425.8632812,14952.1293900468
56,MCKINLEY PARK,59,59,59,59,McKinley Park,Chicago Community Area,Cook,905,15923,5144.00,49638,5538,0.4,0.59,0.15,0.79, NA,10991,51920,23590.00,31352.00,60689,36038,23723,929.00,5853,0.69,3.26,1.48,1.97,3.81,0.37,8.00,0, -, -, -,1.00,1.00,0.54,0.13,0.28,0.04,0.01,12580.00,1.21,28252525,133458200,444141.00,590264.00,1774,8381,28.00,37.00,5102,80.00,50.00,NA,0,0,0,0,0,6602881,10640.7576914958
57,LAKE VIEW,6,6,6,6,Lake View,Chicago Community Area,Cook,1994,103050,25464.00,92779,57721,0.1,0.38,0.24,0.77, NA,109047,134746,152671.00,202900.00,201861,36250,162708,2903.00,37879,1.06,1.31,1.48,1.97,1.96,0.37,253.00,0.01,5.00,9.00,14.00,1.00,1.00,0.31,0.04,0.56,0.07,0.02,7320.00,0.6,280301773,346361908,2874381.00,3820054.00,2720,3361,28.00,37.00,4856,50.00,106.00,NA,0,0,0,0,0,14656087.5546875,21306.5729663731
58,BRIDGEPORT,60,60,60,60,Bridgeport,Chicago Community Area,Cook,1338,33702,5190.00,54915,13339,0.32,0.47,0.13,0.84, NA,24526,137270,49930.00,66358.00,88911,26088,62046,777.00,12388,0.73,4.07,1.48,1.97,2.64,0.37,29.00,0, -, -, -,1.00,1.00,0.48,0.18,0.25,0.09,0.01,11018.00,1.04,63043620,352848661,940052.00,1249330.00,1871,10470,28.00,37.00,4726,70.00,75.00,NA,0,0,0,0,0,9762785.28515625,13397.1504580131
59,NEW CITY,61,61,61,61,New City,Chicago Community Area,Cook,3091,43628,10963.00,34916,13813,0.26,0.36,0.16,0.77, NA,30094,144000,64636.00,85901.00,214626,146728,66309,1590.00,16037,0.69,3.3,1.48,1.97,4.92,0.37,16.00,0, -, -, -,0.91,1.00,0.53,0.18,0.22,0.07,0.01,11109.00,1.38,77355012,370147216,1216919.00,1617286.00,1773,8484,28.00,37.00,5600,88.00,176.00,NA,0,0,0,0,0,22530375.5429688,19685.999401088
60,WEST ELSDON,62,62,62,62,West Elsdon,Chicago Community Area,Cook,751,18394,1528.00,60836,5258,0.76,0.74,0.13,0.71, NA,12347,18540,27251.00,36217.00,50174,16305,33547,321.00,6761,0.67,1.01,1.48,1.97,2.73,0.37,2.00,0, -, -, -,1.00,1.00,0.66,0.11,0.17,0.05,0.01,14971.00,1.82,31738237,47655623,513065.00,681864.00,1725,2591,28.00,37.00,6036,98.00,35.00,NA,0,0,0,0,0,5471287.5625,10728.0338128901
61,GAGE PARK,63,63,63,63,Gage Park,Chicago Community Area,Cook,1407,39540,4099.00,42277,10353,0.51,0.55,0.15,0.74, NA,25964,48093,58580.00,77852.00,70102,31082,37982,1039.00,14534,0.66,1.22,1.48,1.97,1.77,0.37,5.00,0, -, -, -,1.00,1.00,0.56,0.19,0.19,0.05,0,15177.00,1.95,66739079,123620783,1102892.00,1465744.00,1688,3126,28.00,37.00,6446,107.00,50.00,NA,0,0,0,0,0,10251285.8867188,13203.8685645943
62,CLEARING,64,64,64,64,Clearing,Chicago Community Area,Cook,1633,24473,3132.00,60880,8884,0.64,0.68,0.09,0.76, NA,22262,25644,36257.00,48186.00,78247,21797,55767,683.00,8996,0.91,1.05,1.48,1.97,3.2,0.37,8.00,0,6.00, -,6.00,1.00,1.00,0.71,0.08,0.15,0.05,0.02,16021.00,1.65,57222897,65917482,682627.00,907212.00,2338,2693,28.00,37.00,6441,77.00,93.00,NA,0,0,0,0,0,11894890.7382812,18530.2947319863
63,WEST LAWN,65,65,65,65,West Lawn,Chicago Community Area,Cook,1890,33662,7074.00,54922,9244,0.69,0.71,0.11,0.76, NA,24439,22480,49871.00,66279.00,71816,25816,45075,925.00,12374,0.73,0.67,1.48,1.97,2.13,0.37,4.00,0,2.00, -,2.00,0.93,1.00,0.68,0.15,0.13,0.03,0.01,15457.00,1.94,62820032,57783835,938937.00,1247847.00,1866,1717,28.00,37.00,6796,102.00,75.00,NA,0,0,0,0,0,13758256.796875,17151.8362056231
64,CHICAGO LAWN,66,66,66,66,Chicago Lawn,Chicago Community Area,Cook,2256,55931,4129.00,34273,17041,0.42,0.43,0.19,0.66, NA,40598,35599,82863.00,110125.00,99578,20068,78113,1397.00,20559,0.73,0.64,1.48,1.97,1.78,0.37,6.00,0,1.00, -,1.00,1.00,1.00,0.61,0.15,0.2,0.03,0.01,12079.00,1.71,104356546,91505072,1560087.00,2073357.00,1866,1636,28.00,37.00,6124,92.00,90.00,NA,0,0,0,0,0,16427465.3125,16385.1434050381
65,WEST ENGLEWOOD,67,67,67,67,West Englewood,Chicago Community Area,Cook,2019,29647,1337.00,26821,9971,0.53,0.45,0.26,0.64, NA,23973,22131,43923.00,58373.00,68528,33111,34017,1399.00,10898,0.81,0.75,1.48,1.97,2.31,0.37,1.00,0, -, -, -,1.00,1.00,0.56,0.09,0.31,0.02,0.01,9910.00,1.21,61622163,56886820,826946.00,1099012.00,2079,1919,28.00,37.00,6180,83.00,66.00,NA,0,0,0,0,0,14702266.1132812,16444.1534757756
66,ENGLEWOOD,68,68,68,68,Englewood,Chicago Community Area,Cook,1966,24369,1518.00,22127,9597,0.25,0.24,0.25,0.64, NA,19419,21783,36103.00,47981.00,49253,19395,28710,1148.00,8958,0.8,0.89,1.48,1.97,2.02,0.37,2.00,0, -, -, -,1.00,1.00,0.51,0.05,0.4,0.02,0.02,7287.00,0.84,49915194,55991472,679726.00,903357.00,2048,2298,28.00,37.00,5201,71.00,54.00,NA,0,0,0,0,0,14319029.7578125,17312.0951780366
67,GREATER GRAND CROSSING,69,69,69,69,Greater Grand Crossing,Chicago Community Area,Cook,2269,31471,3050.00,29647,12756,0.31,0.31,0.22,0.68, NA,28434,52556,46625.00,61965.00,78209,34219,41797,2193.00,11568,0.9,1.67,1.48,1.97,2.49,0.37,8.00,0, -, -, -,1.00,1.00,0.49,0.08,0.4,0.02,0.01,10048.00,0.97,73088985,135094282,877823.00,1166627.00,2322,4293,28.00,37.00,5730,69.00,73.00,NA,0,0,0,0,0,16518658.3242188,22339.133283556
68,LINCOLN PARK,7,7,7,7,Lincoln Park,Chicago Community Area,Cook,2024,70492,23505.00,115389,35570,0.2,0.45,0.27,0.72, NA,90625,149553,104436.00,138795.00,173073,43690,126963,2420.00,25912,1.29,2.12,1.48,1.97,2.46,0.37,333.00,0.01,2.00, -,2.00,1.00,1.00,0.35,0.04,0.48,0.1,0.03,8077.00,0.68,232948622,384422146,1966238.00,2613132.00,3305,5453,28.00,37.00,6549,55.00,76.00,NA,0,0,0,0,0,14831237.5273438,20262.0014130517
69,ASHBURN,70,70,70,70,Ashburn,Chicago Community Area,Cook,3110,41098,4156.00,70223,12909,0.9,0.84,0.16,0.67, NA,40250,84741,60888.00,80920.00,137551,80925,55522,1105.00,15107,0.98,2.06,1.48,1.97,3.35,0.37,8.00,0, -, -, -,1.00,1.00,0.73,0.11,0.14,0.01,0.01,17837.00,1.97,103461678,217823854,1146349.00,1523499.00,2517,5300,28.00,37.00,8015,89.00,122.00,NA,0,0,0,0,0,22624057.1289062,22389.4534523522
70,AUBURN GRESHAM,71,71,71,71,Auburn Gresham,Chicago Community Area,Cook,2412,44878,2089.00,34396,18071,0.47,0.45,0.19,0.68, NA,46295,32485,66488.00,88363.00,76034,16976,57415,1644.00,16496,1.03,0.72,1.48,1.97,1.69,0.37,3.00,0, -, -, -,1.00,1.00,0.66,0.08,0.24,0.01,0.01,10588.00,1.15,118999491,83503092,1251785.00,1663623.00,2652,1861,28.00,37.00,6585,69.00,99.00,NA,0,0,0,0,0,17546564.5898438,19107.7047228468
71,BEVERLY,72,72,72,72,Beverly,Chicago Community Area,Cook,2038,20027,4004.00,98636,7691,0.79,0.83,0.42,0.46, NA,22235,15284,29671.00,39432.00,45688,10240,34786,662.00,7362,1.11,0.76,1.48,1.97,2.28,0.37,15.00,0, -, -, -,1.00,1.00,0.71,0.05,0.2,0.02,0.01,14380.00,1.6,57154732,39286536,558615.00,742399.00,2854,1962,28.00,37.00,7431,73.00,36.00,NA,0,0,0,0,0,14812541.9023438,18219.3302985177
72,WASHINGTON HEIGHTS,73,73,73,73,Washington Heights,Chicago Community Area,Cook,1828,25065,1587.00,51800,9538,0.76,0.68,0.22,0.63, NA,26300,26329,37134.00,49352.00,51651,14617,35958,1076.00,9213,1.05,1.05,1.48,1.97,2.06,0.37,9.00,0, -, -, -,1.00,1.00,0.64,0.08,0.24,0.01,0.03,13514.00,1.36,67603340,67677865,699140.00,929157.00,2697,2700,28.00,37.00,7088,73.00,59.00,NA,0,0,0,0,0,13288668.4492188,17251.9870554057
73,MOUNT GREENWOOD,74,74,74,74,Mount Greenwood,Chicago Community Area,Cook,1735,18628,2859.00,102256,6850,0.86,0.86,0.19,0.54, NA,22623,8184,27598.00,36678.00,45971,7674,37807,489.00,6847,1.21,0.44,1.48,1.97,2.47,0.37,9.00,0, -, -, -,1.00,1.00,0.83,0.05,0.08,0.03,0.01,19148.00,1.8,58151827,21036307,519592.00,690538.00,3122,1129,28.00,37.00,8489,76.00,39.00,NA,0,0,0,0,0,12603982.40625,19872.9801388564
74,MORGAN PARK,75,75,75,75,Morgan Park,Chicago Community Area,Cook,2109,21186,3228.00,63501,8175,0.76,0.72,0.29,0.55, NA,23615,15839,31388.00,41714.00,52984,14191,38156,638.00,7788,1.11,0.75,1.48,1.97,2.5,0.37,16.00,0, -, -, -,1.00,1.00,0.76,0.08,0.13,0.02,0.01,15352.00,1.59,60701825,40714145,590943.00,785363.00,2865,1922,28.00,37.00,7425,72.00,51.00,NA,0,0,0,0,0,15318330.0898438,18934.7934349462
75,OHARE,76,76,76,76,O'Hare,Chicago Community Area,Cook,8536,13418,44965.00,53509,6158,0.12,0.4,0.15,0.62, NA,12025,7983,19879.00,26419.00,572165,112464,459098,602.00,4932,0.9,0.59,1.48,1.97,42.64,0.37,9.00,0,4.00, -,4.00,0.25,0.94,0.72,0.08,0.16,0.01,0.02,21010.00,1.39,30910816,20519500,374269.00,497404.00,2304,1529,28.00,37.00,5020,61.00,43.00,NA,8536.20512014,34544796.5134,0,371835607.686,173625.98466,62549517.1601562,71225.5660184823
76,EDGEWATER,77,77,77,77,Edgewater,Chicago Community Area,Cook,1112,56296,7057.00,55768,30466,0.09,0.37,0.27,0.74, NA,49459,65687,83404.00,110844.00,83037,25039,56918,1080.00,20693,0.88,1.17,1.48,1.97,1.48,0.37,62.00,0,4.00, -,4.00,1.00,1.00,0.39,0.05,0.46,0.08,0.02,7091.00,0.7,127133845,168847393,1570268.00,2086888.00,2258,2999,28.00,37.00,4173,52.00,63.00,NA,0,0,0,0,0,8152621.5390625,12718.7298918962
77,EDISON PARK,9,9,9,9,Edison Park,Chicago Community Area,Cook,726,11525,2375.00,105233,4733,0.69,0.8,0.24,0.61, NA,12742,22189,17075.00,22692.00,20345,4436,15729,180.00,4236,1.11,1.93,1.48,1.97,1.77,0.37,13.00,0, -, -, -,1.00,1.00,0.82,0.03,0.12,0.02,0.01,16958.00,1.61,32751826,57035994,321468.00,427231.00,2842,4949,28.00,37.00,6920,68.00,31.00,NA,0,0,0,0,0,5327037.27734375,10649.6137116712
